City_ID,City,Country,Date,Lat,Lng,Max Temp,Humidity,Cloudiness,Wind Speed
0,Sonamura,IN,2021-03-29 00:35:27,23.4719,91.2664,68.0,88,0,0.56
1,Tshikapa,CD,2021-03-29 00:35:27,-6.4167,20.8,69.28,95,93,0.45
2,Kiama,AU,2021-03-29 00:35:28,-34.6833,150.8667,73.99,52,0,5.01
3,Severo-Kurilsk,RU,2021-03-29 00:35:28,50.6789,156.125,30.97,72,2,6.35
4,Vardo,NO,2021-03-29 00:35:28,70.3705,31.1107,33.42,88,63,16.71
5,Olinda,BR,2021-03-29 00:35:29,-8.0089,-34.8553,77.0,83,40,5.75
6,Lorengau,PG,2021-03-29 00:35:29,-2.0226,147.2712,84.85,72,100,9.28
7,Albany,US,2021-03-29 00:32:51,42.6001,-73.9662,52.0,80,100,14.05
8,Tura,IN,2021-03-29 00:35:29,25.5198,90.2201,75.16,33,0,4.43
9,Kapaa,US,2021-03-29 00:35:30,22.0752,-159.319,77.0,69,90,16.11
10,Ishim,RU,2021-03-29 00:32:10,56.1128,69.4902,10.06,94,17,9.04
11,Punta Arenas,CL,2021-03-29 00:33:08,-53.15,-70.9167,46.0,70,0,6.91
12,Guerrero Negro,MX,2021-03-29 00:34:14,27.9769,-114.0611,76.21,33,18,7.94
13,Pevek,RU,2021-03-29 00:35:31,69.7008,170.3133,-8.37,94,78,5.91
14,Bethel,US,2021-03-29 00:35:31,41.3712,-73.414,57.0,97,100,8.99
15,Zatoka,UA,2021-03-29 00:35:32,46.0725,30.4654,41.0,87,90,17.9
16,New Norfolk,AU,2021-03-29 00:35:32,-42.7826,147.0587,57.99,58,100,1.99
17,Kodiak,US,2021-03-29 00:35:32,57.79,-152.4072,44.6,57,1,14.97
18,Saint-Philippe,RE,2021-03-29 00:35:33,-21.3585,55.7679,77.0,73,34,6.91
19,Jamestown,US,2021-03-29 00:35:33,42.097,-79.2353,37.99,93,90,22.97
20,Busselton,AU,2021-03-29 00:33:03,-33.65,115.3333,74.46,38,26,3.8
21,Mataura,NZ,2021-03-29 00:34:15,-46.1927,168.8643,61.0,88,22,13.0
22,Faanui,PF,2021-03-29 00:35:33,-16.4833,-151.75,82.81,72,35,21.32
23,Yellowknife,CA,2021-03-29 00:35:34,62.456,-114.3525,23.0,54,75,19.57
24,Port Hardy,CA,2021-03-29 00:35:34,50.6996,-127.4199,41.0,75,75,26.46
25,Lompoc,US,2021-03-29 00:35:23,34.6391,-120.4579,64.0,72,0,13.8
26,Dongsheng,CN,2021-03-29 00:35:34,39.8161,109.9776,39.81,24,100,0.47
27,Minsk,BY,2021-03-29 00:35:35,53.9,27.5667,32.0,100,81,4.47
28,Victoria,HK,2021-03-29 00:33:54,22.2855,114.1577,78.01,87,24,7.63
29,Terme,TR,2021-03-29 00:35:36,41.2092,36.9739,45.0,87,0,3.44
30,Prince Rupert,CA,2021-03-29 00:30:57,54.3161,-130.3201,44.6,53,75,10.36
31,Hasaki,JP,2021-03-29 00:35:36,35.7333,140.8333,64.0,94,75,3.44
32,Treinta Y Tres,UY,2021-03-29 00:35:37,-33.2333,-54.3833,63.61,73,65,5.46
33,Port Alfred,ZA,2021-03-29 00:35:37,-33.5906,26.891,64.96,76,100,21.23
34,Gongzhuling,CN,2021-03-29 00:35:38,43.5008,124.8198,41.0,43,6,19.44
35,Fenoarivo Atsinanana,MG,2021-03-29 00:35:38,-17.3667,49.4167,75.83,91,11,4.83
36,Cape Town,ZA,2021-03-29 00:34:10,-33.9258,18.4232,66.0,82,0,3.13
37,Waipawa,NZ,2021-03-29 00:35:39,-41.4122,175.5153,64.99,94,90,20.71
38,Kushima,JP,2021-03-29 00:35:39,31.4583,131.2333,64.4,55,20,16.11
39,Nome,US,2021-03-29 00:35:39,64.5011,-165.4064,21.2,86,90,27.63
40,Hithadhoo,MV,2021-03-29 00:35:40,-0.6,73.0833,80.53,75,100,31.65
41,Rikitea,PF,2021-03-29 00:35:41,-23.1203,-134.9692,79.74,71,0,15.01
42,Vaini,TO,2021-03-29 00:35:41,-21.2,-175.2,84.2,79,40,11.5
43,Igrim,RU,2021-03-29 00:32:17,63.1906,64.4162,-1.26,96,23,4.81
44,Xai-Xai,MZ,2021-03-29 00:35:41,-25.0519,33.6442,70.3,80,21,11.14
45,Bredasdorp,ZA,2021-03-29 00:35:42,-34.5322,20.0403,60.8,88,100,12.66
46,Ushuaia,AR,2021-03-29 00:35:42,-54.8,-68.3,44.6,61,0,6.91
47,Atuona,PF,2021-03-29 00:34:09,-9.8,-139.0333,80.98,74,80,15.23
48,Onega,RU,2021-03-29 00:35:43,63.9061,38.1404,32.97,94,99,7.43
49,Nouadhibou,MR,2021-03-29 00:35:43,20.931,-17.0347,64.4,88,0,14.97
50,Mar Del Plata,AR,2021-03-29 00:35:43,-38.0023,-57.5575,66.0,88,40,10.36
51,Laguna,US,2021-03-29 00:32:32,38.421,-121.4238,80.01,24,1,4.61
52,Alofi,NU,2021-03-29 00:35:44,-19.0595,-169.9187,86.0,70,16,18.41
53,Lewisporte,CA,2021-03-29 00:35:44,49.2499,-55.0482,26.6,86,20,6.91
54,Murgab,TM,2021-03-29 00:35:45,37.4966,61.9714,41.0,87,3,4.61
55,Pafos,CY,2021-03-29 00:35:45,34.7667,32.4167,46.4,71,20,9.22
56,Aksaray,TR,2021-03-29 00:35:45,38.3726,34.0254,28.4,93,0,6.91
57,Tilichiki,RU,2021-03-29 00:35:46,60.4667,166.1,8.8,74,8,9.46
58,Butaritari,KI,2021-03-29 00:35:46,3.0707,172.7902,81.39,79,24,15.28
59,Tasiilaq,GL,2021-03-29 00:35:47,65.6145,-37.6368,19.4,49,20,9.22
60,Yabrud,SY,2021-03-29 00:35:47,33.9674,36.6574,37.4,70,0,1.48
61,Bagli,IN,2021-03-29 00:35:47,22.65,76.35,68.0,28,6,7.29
62,Port Elizabeth,ZA,2021-03-29 00:35:47,-33.918,25.5701,64.4,77,0,16.11
63,Alice Springs,AU,2021-03-29 00:35:48,-23.7,133.8833,75.2,35,0,12.66
64,Kulhudhuffushi,MV,2021-03-29 00:35:48,6.6221,73.07,83.44,74,100,13.56
65,Yatou,CN,2021-03-29 00:35:49,37.15,122.3833,51.84,40,100,9.22
66,Kavieng,PG,2021-03-29 00:35:49,-2.5744,150.7967,86.09,64,61,15.5
67,Wrexham,GB,2021-03-29 00:35:49,53.0,-3.0,55.0,89,100,18.01
68,Stabat,ID,2021-03-29 00:35:50,3.761,98.4513,75.2,100,75,3.44
69,Saint Anthony,US,2021-03-29 00:35:50,45.0205,-93.218,43.0,39,1,6.91
70,Tiksi,RU,2021-03-29 00:35:51,71.6872,128.8694,6.67,90,100,0.72
71,Hobart,AU,2021-03-29 00:31:55,-42.8794,147.3294,57.99,44,75,11.5
72,Pisco,PE,2021-03-29 00:34:17,-13.7,-76.2167,69.8,73,0,19.57
73,San Cristobal,VE,2021-03-29 00:35:51,7.7669,-72.225,75.2,88,40,2.3
74,Klaksvik,FO,2021-03-29 00:35:52,62.2266,-6.589,42.8,81,40,10.36
75,Kaitangata,NZ,2021-03-29 00:35:52,-46.2817,169.8464,71.01,69,2,5.28
76,Chokurdakh,RU,2021-03-29 00:35:52,70.6333,147.9167,-0.8,95,97,4.81
77,Ormara,PK,2021-03-29 00:35:53,25.2088,64.6357,77.2,80,8,5.79
78,Thompson,CA,2021-03-29 00:35:53,55.7435,-97.8558,24.8,80,90,9.22
79,Mandan,US,2021-03-29 00:35:53,46.8267,-100.8896,64.4,31,1,9.22
80,Korla,CN,2021-03-29 00:35:54,41.7597,86.1469,55.92,41,100,10.71
81,Savinka,RU,2021-03-29 00:35:54,50.0785,47.0994,32.25,95,100,10.49
82,Enid,US,2021-03-29 00:33:28,36.3956,-97.8784,64.4,29,1,9.22
83,Aklavik,CA,2021-03-29 00:35:55,68.2191,-135.0107,-2.2,54,54,4.61
84,Nikolskoye,RU,2021-03-29 00:35:26,59.7035,30.7861,39.0,93,0,4.47
85,Nueva Imperial,CL,2021-03-29 00:35:55,-38.7333,-72.95,60.8,77,0,2.3
86,Arman,RU,2021-03-29 00:35:56,59.7,150.1667,13.42,78,28,1.99
87,Chuy,UY,2021-03-29 00:35:56,-33.6971,-53.4616,62.78,92,3,4.68
88,Hit,IQ,2021-03-29 00:35:57,33.6416,42.8251,53.78,31,0,10.0
89,Ponta Do Sol,PT,2021-03-29 00:35:19,32.6667,-17.1,61.0,55,89,5.01
90,Weiser,US,2021-03-29 00:35:58,44.251,-116.9693,80.6,9,1,25.32
91,Lobito,AO,2021-03-29 00:35:58,-12.3481,13.5456,77.29,82,100,3.91
92,San Policarpo,PH,2021-03-29 00:35:58,12.1791,125.5072,81.55,81,100,9.08
93,Portree,GB,2021-03-29 00:35:59,57.4129,-6.1942,48.0,93,100,18.99
94,Sangar,RU,2021-03-29 00:35:59,63.9242,127.4739,16.07,91,98,7.02
95,Barrow,US,2021-03-29 00:36:00,71.2906,-156.7887,-11.2,64,1,13.8
96,Tarauaca,BR,2021-03-29 00:36:00,-8.1614,-70.7656,73.06,96,89,1.83
97,Pangnirtung,CA,2021-03-29 00:36:01,66.1451,-65.7125,0.66,91,100,4.5
98,Liverpool,GB,2021-03-29 00:36:01,53.4106,-2.9779,57.2,77,96,23.02
99,Upernavik,GL,2021-03-29 00:36:02,72.7868,-56.1549,-24.48,79,15,4.68
100,San Andres,CO,2021-03-29 00:32:04,12.5847,-81.7006,82.4,74,20,11.5
101,Kruisfontein,ZA,2021-03-29 00:36:02,-34.0033,24.7314,62.01,79,100,4.0
102,Bibiani,GH,2021-03-29 00:36:03,6.4635,-2.3194,73.08,91,13,2.39
103,Oyama,JP,2021-03-29 00:36:03,36.3,139.8,69.01,88,75,4.61
104,Kahului,US,2021-03-29 00:36:03,20.8947,-156.47,77.0,61,40,18.41
105,Deputatskiy,RU,2021-03-29 00:36:04,69.3,139.9,9.09,87,98,2.75
106,Beringovskiy,RU,2021-03-29 00:36:04,63.05,179.3167,13.77,90,100,18.59
107,Isangel,VU,2021-03-29 00:36:05,-19.55,169.2667,84.2,79,40,8.05
108,Oranjemund,NA,2021-03-29 00:36:05,-28.55,16.4333,59.54,85,0,1.43
109,Asosa,ET,2021-03-29 00:36:06,10.0667,34.5333,67.12,34,98,3.15
110,Iquique,CL,2021-03-29 00:36:06,-20.2208,-70.1431,68.0,68,90,13.8
111,Pacific Grove,US,2021-03-29 00:34:29,36.6177,-121.9166,57.0,83,0,8.01
112,Opuwo,NA,2021-03-29 00:36:02,-18.0607,13.84,70.2,54,20,2.53
113,Huaraz,PE,2021-03-29 00:36:07,-9.5333,-77.5333,56.34,84,98,0.38
114,Gushikawa,JP,2021-03-29 00:36:07,26.3544,127.8686,73.4,94,75,5.75
115,Ancud,CL,2021-03-29 00:36:07,-41.8697,-73.8203,62.6,72,0,12.66
116,Vila,PT,2021-03-29 00:35:26,42.0304,-8.1588,51.01,61,1,1.99
117,Karratha,AU,2021-03-29 00:36:08,-20.7377,116.8463,93.02,38,21,10.31
118,Dikson,RU,2021-03-29 00:33:07,73.5069,80.5464,-28.34,99,99,7.16
119,Puerto Ayora,EC,2021-03-29 00:36:08,-0.7393,-90.3518,78.01,92,28,5.01
120,Narsaq,GL,2021-03-29 00:36:09,60.9167,-46.05,19.4,53,0,4.61
121,Hilo,US,2021-03-29 00:34:36,19.7297,-155.09,73.4,73,90,8.72
122,Labuhan,ID,2021-03-29 00:36:09,-6.8844,112.2051,80.78,79,94,4.83
123,Tibiri,NE,2021-03-29 00:36:10,13.5627,7.0485,70.81,16,4,11.97
124,Verkhnevilyuysk,RU,2021-03-29 00:36:10,63.4453,120.3167,23.34,91,94,3.53
125,Podosinovets,RU,2021-03-29 00:36:11,60.2776,47.0659,19.85,98,100,3.85
126,Thunder Bay,CA,2021-03-29 00:36:11,48.4001,-89.3168,32.0,51,20,5.75
127,Eureka,US,2021-03-29 00:36:12,40.8021,-124.1637,52.0,77,3,7.0
128,Bluff,NZ,2021-03-29 00:36:12,-46.6,168.3333,61.0,88,19,13.0
129,Lagoa,PT,2021-03-29 00:36:13,39.05,-27.9833,59.45,82,100,16.93
130,Senador Pompeu,BR,2021-03-29 00:36:13,-5.5881,-39.3717,72.48,93,10,2.33
131,Margate,GB,2021-03-29 00:36:13,51.3813,1.3862,48.99,71,99,8.01
132,Saskylakh,RU,2021-03-29 00:36:14,71.9167,114.0833,0.45,96,100,4.14
133,Kieta,PG,2021-03-29 00:36:14,-6.2167,155.6333,85.06,67,100,4.07
134,Qaanaaq,GL,2021-03-29 00:36:15,77.484,-69.3632,-20.7,74,74,5.44
135,Kaka,TM,2021-03-29 00:32:29,37.3482,59.6143,45.27,65,100,1.45
136,Harper,LR,2021-03-29 00:36:15,4.375,-7.7169,78.12,88,100,3.67
137,Hermanus,ZA,2021-03-29 00:34:18,-34.4187,19.2345,64.0,80,100,10.0
138,Mahebourg,MU,2021-03-29 00:35:27,-20.4081,57.7,73.4,94,20,5.75
139,Freeport,US,2021-03-29 00:35:54,40.6576,-73.5832,55.99,94,75,17.27
140,Vila Franca Do Campo,PT,2021-03-29 00:36:16,37.7167,-25.4333,59.0,77,75,11.5
141,Tarko-Sale,RU,2021-03-29 00:36:16,64.9225,77.785,-7.37,99,73,10.92
142,Ilulissat,GL,2021-03-29 00:36:17,69.2167,-51.1,-11.2,44,15,1.14
143,Coihaique,CL,2021-03-29 00:36:17,-45.5752,-72.0662,55.4,82,40,3.44
144,East London,ZA,2021-03-29 00:36:17,-33.0153,27.9116,64.65,77,100,12.77
145,Ribeira Grande,PT,2021-03-29 00:36:18,38.5167,-28.7,60.51,84,100,23.85
146,Coruripe,BR,2021-03-29 00:36:18,-10.1256,-36.1756,77.41,84,36,7.85
147,Okhotsk,RU,2021-03-29 00:32:11,59.3833,143.3,17.91,77,30,9.93
148,Lebu,CL,2021-03-29 00:36:19,-37.6167,-73.65,55.74,92,18,10.8
149,Redlands,US,2021-03-29 00:36:19,34.0556,-117.1825,89.6,9,1,4.61
150,Khatanga,RU,2021-03-29 00:34:55,71.9667,102.5,-1.71,96,99,8.88
151,Comodoro Rivadavia,AR,2021-03-29 00:36:20,-45.8667,-67.5,57.2,77,0,9.22
152,Rocha,UY,2021-03-29 00:36:21,-34.4833,-54.3333,61.14,95,94,4.32
153,Beyneu,KZ,2021-03-29 00:36:21,45.3167,55.2,40.53,82,100,7.31
154,Saint-Michel-Des-Saints,CA,2021-03-29 00:36:22,46.6834,-73.9159,35.01,98,100,7.07
155,Sao Filipe,CV,2021-03-29 00:36:22,14.8961,-24.4956,69.28,73,7,13.53
156,Buraydah,SA,2021-03-29 00:36:23,26.326,43.975,57.2,33,0,5.75
157,Mareeba,AU,2021-03-29 00:36:23,-17.0,145.4333,88.0,63,100,7.0
158,Kalagarh,IN,2021-03-29 00:36:23,29.5,78.75,69.73,26,9,5.3
159,Torbay,CA,2021-03-29 00:36:24,47.6666,-52.7314,23.0,86,75,4.61
160,Tazovskiy,RU,2021-03-29 00:36:24,67.4667,78.7,-15.34,99,33,8.5
161,Vila Velha,BR,2021-03-29 00:36:25,-20.3297,-40.2925,75.2,88,0,3.44
162,Russell,US,2021-03-29 00:36:25,32.3502,-85.1999,62.6,72,75,12.66
163,Palana,RU,2021-03-29 00:33:11,59.1167,159.9667,17.37,86,100,20.51
164,Gravdal,NO,2021-03-29 00:36:26,68.1214,13.5031,37.83,86,100,17.27
165,Arlit,NE,2021-03-29 00:36:26,18.7369,7.3853,66.99,15,0,7.27
166,Curumani,CO,2021-03-29 00:36:26,9.1999,-73.5427,81.36,64,100,6.44
167,Northam,GB,2021-03-29 00:36:27,51.0333,-4.2167,50.0,93,100,17.0
168,Mount Isa,AU,2021-03-29 00:36:27,-20.7333,139.5,82.4,24,2,20.71
169,Fernie,CA,2021-03-29 00:36:28,49.5,-115.0687,37.4,87,100,10.36
170,Krasavino,RU,2021-03-29 00:36:28,60.9614,46.4814,23.07,97,100,3.58
171,Davila,PH,2021-03-29 00:36:28,18.4726,120.5763,80.6,78,20,3.44
172,Tessalit,ML,2021-03-29 00:36:29,20.1986,1.0114,70.14,11,0,13.78
173,Pochutla,MX,2021-03-29 00:36:29,15.7432,-96.4661,84.2,70,1,9.22
174,Honefoss,NO,2021-03-29 00:36:29,60.168,10.2565,37.99,99,100,2.68
175,Erenhot,CN,2021-03-29 00:36:30,43.6475,111.9767,37.53,23,8,5.64
176,Ixtapa,MX,2021-03-29 00:32:09,20.7,-105.2,73.4,73,75,9.22
177,Bambous Virieux,MU,2021-03-29 00:36:30,-20.3428,57.7575,75.99,94,20,5.75
178,Luderitz,NA,2021-03-29 00:36:30,-26.6481,15.1594,60.93,86,0,5.21
179,Khandwa,IN,2021-03-29 00:36:31,21.8333,76.3333,80.01,18,21,5.75
180,Phayao,TH,2021-03-29 00:36:31,19.25,100.25,80.01,56,3,3.11
181,Chimoio,MZ,2021-03-29 00:36:32,-19.1164,33.4833,68.0,100,75,8.32
182,Avarua,CK,2021-03-29 00:36:33,-21.2078,-159.775,82.4,78,90,23.02
183,Tooele,US,2021-03-29 00:32:12,40.5308,-112.2983,66.2,27,1,14.97
184,Sorland,NO,2021-03-29 00:36:33,67.667,12.6934,38.89,96,100,30.91
185,Geraldton,AU,2021-03-29 00:35:57,-28.7667,114.6,75.2,64,0,6.91
186,Loreto,MX,2021-03-29 00:36:34,22.2667,-101.9667,66.96,51,0,23.69
187,Alto Araguaia,BR,2021-03-29 00:36:34,-17.3147,-53.2153,69.08,62,0,1.14
188,Sao Joao Da Barra,BR,2021-03-29 00:36:34,-21.6403,-41.0511,77.23,88,100,5.82
189,Narasannapeta,IN,2021-03-29 00:36:35,18.4167,84.05,77.07,85,2,6.24
190,Mocuba,MZ,2021-03-29 00:36:35,-16.8392,36.9856,68.72,98,87,3.15
191,Vanimo,PG,2021-03-29 00:36:36,-2.6741,141.3028,86.4,60,95,3.42
192,Champerico,GT,2021-03-29 00:36:36,14.3,-91.9167,86.0,70,75,6.91
193,Clyde River,CA,2021-03-29 00:36:36,70.4692,-68.5914,-5.8,84,75,5.75
194,Kupang,ID,2021-03-29 00:36:37,-10.1667,123.5833,75.2,100,90,5.75
195,Tuktoyaktuk,CA,2021-03-29 00:36:37,69.4541,-133.0374,-13.0,84,75,12.66
196,Codrington,AU,2021-03-29 00:36:37,-38.2667,141.9667,63.82,57,6,7.9
197,Caravelas,BR,2021-03-29 00:36:38,-17.7125,-39.2481,76.57,81,0,6.38
198,Praia,CV,2021-03-29 00:36:38,14.9215,-23.5087,68.0,73,20,23.02
199,Aykhal,RU,2021-03-29 00:36:38,66.0,111.5,18.09,97,100,6.44
200,Lubumbashi,CD,2021-03-29 00:36:38,-11.6609,27.4794,62.15,97,98,2.86
201,Roscrea,IE,2021-03-29 00:36:39,52.9511,-7.8017,55.0,86,100,7.0
202,Longyearbyen,SJ,2021-03-29 00:36:40,78.2186,15.6401,28.4,74,20,2.3
203,Hailar,CN,2021-03-29 00:36:40,49.2,119.7,33.91,60,76,21.39
204,Mezen,RU,2021-03-29 00:36:41,65.8522,44.24,34.81,97,100,9.24
205,Mitzic,GA,2021-03-29 00:36:41,0.7821,11.549,68.49,99,100,1.99
206,Mitu,CO,2021-03-29 00:36:41,1.1983,-70.1733,68.63,98,100,1.79
207,Srednekolymsk,RU,2021-03-29 00:36:42,67.45,153.6833,5.0,86,99,5.77
208,Riohacha,CO,2021-03-29 00:36:42,11.5444,-72.9072,80.19,68,29,17.78
209,Sisimiut,GL,2021-03-29 00:36:43,66.9395,-53.6735,1.22,69,92,12.73
210,Bitung,ID,2021-03-29 00:36:43,1.4451,125.1824,82.4,83,40,3.44
211,Tuatapere,NZ,2021-03-29 00:34:37,-46.1333,167.6833,61.0,88,36,13.0
212,Potsdam,DE,2021-03-29 00:36:44,52.3989,13.0657,50.0,66,100,1.01
213,Turbat,PK,2021-03-29 00:36:44,26.0023,63.044,78.19,45,29,2.95
214,Nyurba,RU,2021-03-29 00:36:45,63.2842,118.3319,20.68,92,93,4.97
215,Bonavista,CA,2021-03-29 00:36:03,48.6499,-53.1147,23.0,80,35,3.44
216,Constitucion,CL,2021-03-29 00:36:46,-35.3333,-72.4167,56.53,69,0,1.74
217,Sioux Lookout,CA,2021-03-29 00:36:46,50.1001,-91.917,30.2,34,20,3.44
218,Jumla,NP,2021-03-29 00:36:46,29.2747,82.1838,46.85,60,100,3.13
219,Grootfontein,NA,2021-03-29 00:36:47,-19.5667,18.1167,62.6,88,11,4.61
220,Mana,GF,2021-03-29 00:36:47,5.6592,-53.7767,77.77,84,100,12.62
221,Barra Patuca,HN,2021-03-29 00:36:47,15.8,-84.2833,78.67,77,0,11.92
222,Port Lincoln,AU,2021-03-29 00:36:48,-34.7333,135.8667,67.41,68,4,10.11
223,Spirit River,CA,2021-03-29 00:36:48,55.7833,-118.8361,23.0,68,100,13.8
224,Egvekinot,RU,2021-03-29 00:36:48,66.3167,-179.1667,8.35,88,100,13.31
225,Baruun-Urt,MN,2021-03-29 00:36:49,46.6806,113.2792,33.85,35,0,7.49
226,Mnogovershinnyy,RU,2021-03-29 00:36:49,53.9353,139.9242,27.48,94,100,5.75
227,Georgetown,MY,2021-03-29 00:36:50,5.4112,100.3354,80.01,94,20,3.44
228,Bone,DE,2021-03-29 00:36:50,51.9669,12.1396,51.01,65,100,3.0
229,Kosa,RU,2021-03-29 00:36:50,59.9445,54.9977,27.86,94,100,6.78
230,Rapid Valley,US,2021-03-29 00:33:25,44.0625,-103.1463,68.0,16,1,11.5
231,Loandjili,CG,2021-03-29 00:36:51,-4.7561,11.8578,75.2,100,40,2.3
232,Arraial Do Cabo,BR,2021-03-29 00:36:51,-22.9661,-42.0278,77.49,89,14,10.0
233,Katubao,PH,2021-03-29 00:36:52,5.8892,124.8294,77.0,94,90,4.61
234,Huarmey,PE,2021-03-29 00:36:52,-10.0681,-78.1522,70.9,81,65,7.61
235,Leningradskiy,RU,2021-03-29 00:36:52,69.3833,178.4167,-1.43,91,100,4.99
236,Fairbanks,US,2021-03-29 00:35:36,64.8378,-147.7164,21.0,42,40,6.91
237,Kenai,US,2021-03-29 00:36:53,60.5544,-151.2583,30.2,69,90,9.22
238,Ahipara,NZ,2021-03-29 00:35:33,-35.1667,173.1667,71.87,80,64,7.61
239,Huilong,CN,2021-03-29 00:36:53,31.8111,121.655,66.99,84,0,1.99
240,Athabasca,CA,2021-03-29 00:36:54,54.7169,-113.2854,37.4,93,100,11.5
241,Port Shepstone,ZA,2021-03-29 00:36:54,-30.7414,30.455,66.34,75,99,3.13
242,Khorixas,NA,2021-03-29 00:36:55,-20.3667,14.9667,71.02,46,37,1.81
243,Puerto Del Rosario,ES,2021-03-29 00:36:55,28.5004,-13.8627,66.2,72,0,8.05
244,Turka,UA,2021-03-29 00:36:56,49.1541,23.0297,30.99,82,3,3.11
245,Hofn,IS,2021-03-29 00:36:56,64.2539,-15.2082,26.87,63,1,10.07
246,Neuquen,AR,2021-03-29 00:35:40,-38.9516,-68.0591,60.8,67,0,8.84
247,Talnakh,RU,2021-03-29 00:34:30,69.4865,88.3972,-12.5,99,97,4.76
248,Dingle,PH,2021-03-29 00:36:57,10.9995,122.6711,83.5,71,100,10.85
249,Serebryansk,KZ,2021-03-29 00:36:57,49.6925,83.2892,33.8,93,90,6.71
250,Zarubino,RU,2021-03-29 00:36:58,42.63,131.0922,43.57,61,2,18.07
251,Dimona,IL,2021-03-29 00:36:58,31.0667,35.0333,46.76,69,0,4.63
252,Sao Geraldo Do Araguaia,BR,2021-03-29 00:36:58,-6.4006,-48.555,73.67,94,100,2.77
253,Kavaratti,IN,2021-03-29 00:36:59,10.5669,72.642,83.25,71,100,2.82
254,Norman Wells,CA,2021-03-29 00:36:59,65.282,-126.8329,1.4,51,75,14.97
255,Chekalin,RU,2021-03-29 00:37:00,54.0969,36.245,32.0,69,100,2.24
256,Walvis Bay,NA,2021-03-29 00:37:00,-22.9575,14.5053,60.01,94,0,8.05
257,Port Augusta,AU,2021-03-29 00:34:14,-32.5,137.7667,69.8,64,0,6.91
258,Indramayu,ID,2021-03-29 00:37:01,-6.3264,108.32,80.58,79,98,4.36
259,Carnarvon,AU,2021-03-29 00:37:01,-24.8667,113.6333,78.8,89,0,5.75
260,Bontang,ID,2021-03-29 00:37:01,0.1333,117.5,79.97,84,97,2.13
261,Myski,RU,2021-03-29 00:37:02,53.709,87.8014,32.86,99,100,2.08
262,Grand Gaube,MU,2021-03-29 00:37:02,-20.0064,57.6608,75.99,83,7,4.65
263,Iqaluit,CA,2021-03-29 00:37:03,63.7506,-68.5145,12.2,85,90,8.05
264,Provideniya,RU,2021-03-29 00:37:03,64.3833,-173.3,17.13,90,100,22.75
265,Fougamou,GA,2021-03-29 00:37:04,-1.2154,10.5838,73.36,99,100,1.59
266,Cayenne,GF,2021-03-29 00:37:04,4.9333,-52.3333,80.6,78,40,9.22
267,Namibe,AO,2021-03-29 00:37:05,-15.1961,12.1522,73.33,75,44,4.14
268,Timaru,NZ,2021-03-29 00:35:21,-44.4,171.25,66.99,79,0,3.0
269,Monsenhor Gil,BR,2021-03-29 00:37:05,-5.5642,-42.6078,80.6,89,0,2.66
270,Bengkulu,ID,2021-03-29 00:37:06,-3.8004,102.2655,77.5,89,56,4.23
271,Lieksa,FI,2021-03-29 00:37:06,63.3167,30.0167,31.8,92,48,11.05
272,Petropavlovsk-Kamchatskiy,RU,2021-03-29 00:37:06,53.0452,158.6483,28.4,46,3,17.9
273,Campbell River,CA,2021-03-29 00:35:32,50.0163,-125.2446,46.99,39,75,17.27
274,Port Hedland,AU,2021-03-29 00:37:07,-20.3167,118.5667,87.8,51,87,5.75
275,Manacapuru,BR,2021-03-29 00:37:07,-3.2997,-60.6206,75.2,100,40,3.56
276,Souillac,MU,2021-03-29 00:37:08,-20.5167,57.5167,73.4,94,20,5.75
277,Tromso,NO,2021-03-29 00:37:08,69.6496,18.957,30.2,69,0,5.75
278,Koboko,UG,2021-03-29 00:37:08,3.4136,30.9599,68.61,69,99,2.46
279,Thinadhoo,MV,2021-03-29 00:37:09,0.5333,72.9333,78.96,86,100,33.69
280,Storsteinnes,NO,2021-03-29 00:37:09,69.2408,19.2344,30.2,86,90,2.3
281,Do Gonbadan,IR,2021-03-29 00:34:22,30.3586,50.7981,46.4,53,0,2.13
282,Ussel,FR,2021-03-29 00:37:10,45.55,2.3167,46.0,20,1,1.32
283,Gillette,US,2021-03-29 00:37:10,44.2911,-105.5022,60.8,20,1,21.85
284,Sahuaripa,MX,2021-03-29 00:37:10,29.05,-109.2333,85.86,9,5,4.72
285,Meulaboh,ID,2021-03-29 00:37:11,4.1363,96.1285,77.52,85,91,5.3
286,Quang Ngai,VN,2021-03-29 00:37:11,15.1167,108.8,79.39,65,94,6.2
287,Stornoway,GB,2021-03-29 00:37:12,58.2093,-6.3865,48.2,87,75,16.11
288,Abu Samrah,SY,2021-03-29 00:37:12,35.3029,37.1841,44.46,71,0,4.94
289,Cherskiy,RU,2021-03-29 00:33:11,68.75,161.3,1.02,84,99,4.97
290,Kibala,TD,2021-03-29 00:37:12,9.1104,18.3463,80.6,29,0,6.91
291,Cascais,PT,2021-03-29 00:36:34,38.6979,-9.4215,64.99,59,0,6.91
292,Blairmore,CA,2021-03-29 00:37:13,49.6,-114.4353,39.2,100,99,2.3
293,Tombouctou,ML,2021-03-29 00:37:13,20.0,-3.0,73.99,7,0,9.6
294,Bukene,TZ,2021-03-29 00:37:14,-4.2333,32.8833,63.05,90,100,3.02
295,Ahar,IR,2021-03-29 00:33:23,38.4774,47.0699,34.29,85,90,5.1
296,Kuryk,KZ,2021-03-29 00:37:15,43.2,51.65,43.61,82,99,8.23
297,Mount Gambier,AU,2021-03-29 00:37:15,-37.8333,140.7667,62.6,77,90,5.75
298,Ostashkov,RU,2021-03-29 00:33:11,57.1467,33.1075,34.03,93,100,6.4
299,Celestun,MX,2021-03-29 00:37:15,20.8667,-90.4,78.78,80,9,21.18
300,Marawi,PH,2021-03-29 00:37:16,7.9986,124.2928,81.0,82,86,5.01
301,Okato,NZ,2021-03-29 00:37:16,-39.2,173.8833,69.01,91,33,10.0
302,Alta Floresta,BR,2021-03-29 00:37:16,-9.8756,-56.0861,71.83,94,99,1.54
303,Belle Glade,US,2021-03-29 00:34:15,26.6845,-80.6676,78.01,78,72,1.01
304,Katherine,AU,2021-03-29 00:35:17,-14.4667,132.2667,84.2,70,0,4.61
305,Astoria,US,2021-03-29 00:37:17,46.1879,-123.8313,44.6,70,75,21.85
306,Mineiros,BR,2021-03-29 00:37:18,-17.5694,-52.5511,68.81,65,5,1.95
307,Toumodi,CI,2021-03-29 00:37:18,6.5613,-5.0158,77.0,94,0,4.23
308,Palembang,ID,2021-03-29 00:37:18,-2.9167,104.7458,77.0,94,20,0.63
309,Nicoya,CR,2021-03-29 00:34:21,10.1483,-85.452,84.2,45,0,21.85
310,Tibiao,PH,2021-03-29 00:37:19,11.2915,122.0354,84.22,66,75,2.77
311,Saldanha,ZA,2021-03-29 00:37:19,-33.0117,17.9442,64.4,59,100,3.44
312,Wuwei,CN,2021-03-29 00:37:20,37.9281,102.6414,49.06,35,100,3.06
313,Los Llanos De Aridane,ES,2021-03-29 00:37:20,28.6585,-17.9182,64.4,72,75,4.61
314,Abu Dhabi,AE,2021-03-29 00:37:21,24.4667,54.3667,73.4,68,0,9.22
315,Krusevac,RS,2021-03-29 00:37:21,43.58,21.3339,41.0,65,0,2.3
316,Esperance,AU,2021-03-29 00:37:21,-33.8667,121.9,77.0,44,0,16.11
317,Rovaniemi,FI,2021-03-29 00:37:22,66.5,25.7167,33.8,100,90,6.91
318,Salinas,US,2021-03-29 00:33:14,36.6777,-121.6555,62.6,51,1,9.22
319,Lasa,IT,2021-03-29 00:37:22,46.6166,10.7002,46.0,64,0,4.61
320,George Town,MY,2021-03-29 00:33:07,5.4112,100.3354,81.0,94,20,3.44
321,Cidreira,BR,2021-03-29 00:37:23,-30.1811,-50.2056,72.07,85,0,5.03
322,Batagay-Alyta,RU,2021-03-29 00:35:43,67.8006,130.4114,6.37,73,84,2.44
323,Rafai,CF,2021-03-29 00:37:23,4.95,23.9167,68.61,42,0,2.8
324,Aswan,EG,2021-03-29 00:37:23,24.0934,32.907,60.42,32,0,14.58
325,Lavrentiya,RU,2021-03-29 00:37:24,65.5833,-171.0,14.52,91,100,21.23
326,Chagoda,RU,2021-03-29 00:37:24,59.164,35.3285,29.86,96,59,5.93
327,Mandalgovi,MN,2021-03-29 00:37:25,45.7625,106.2708,34.9,28,0,7.45
328,Nioro,GM,2021-03-29 00:37:25,13.35,-15.75,75.0,36,0,7.38
329,Rumoi,JP,2021-03-29 00:37:25,43.9344,141.6428,46.56,93,93,10.6
330,Saint-Pierre,RE,2021-03-29 00:37:26,-21.3393,55.4781,77.0,73,2,6.91
331,The Valley,AI,2021-03-29 00:36:12,18.217,-63.0578,79.0,83,40,13.8
332,Powell River,CA,2021-03-29 00:37:27,49.8496,-124.5361,48.2,53,75,32.21
333,Sinjai,ID,2021-03-29 00:37:27,-5.1241,120.253,79.83,79,100,2.35
334,Bossangoa,CF,2021-03-29 00:37:27,6.4926,17.4552,75.24,63,7,1.95
335,Ballina,AU,2021-03-29 00:37:28,-28.8667,153.5667,77.0,73,75,12.66
336,Dharchula,IN,2021-03-29 00:37:28,29.85,80.5333,59.36,40,23,6.35
337,Bilibino,RU,2021-03-29 00:37:28,68.0546,166.4372,-3.08,85,91,3.13
338,Kaduqli,SD,2021-03-29 00:37:29,11.0167,29.7167,74.64,12,0,16.02
339,College,US,2021-03-29 00:37:29,64.8569,-147.8028,19.99,45,90,8.05
340,Naze,JP,2021-03-29 00:37:30,28.3667,129.4833,69.8,83,75,5.75
341,Stevens Point,US,2021-03-29 00:37:30,44.5236,-89.5746,39.99,47,1,3.44
342,Maceio,BR,2021-03-29 00:37:31,-9.6658,-35.7353,75.2,100,75,2.3
343,Nanortalik,GL,2021-03-29 00:34:58,60.1432,-45.2371,21.63,69,0,19.17
344,Mabaruma,GY,2021-03-29 00:37:31,8.2,-59.7833,73.33,98,99,5.12
345,Kutahya,TR,2021-03-29 00:37:17,39.4242,29.9833,28.4,93,0,3.44
346,Santiago Del Estero,AR,2021-03-29 00:37:32,-27.7951,-64.2615,66.29,54,0,6.31
347,Chicama,PE,2021-03-29 00:37:32,-7.8447,-79.1469,73.17,71,47,5.48
348,Sinnamary,GF,2021-03-29 00:37:33,5.3833,-52.95,77.85,84,97,12.93
349,Coquimbo,CL,2021-03-29 00:35:13,-29.9533,-71.3436,57.2,82,0,5.75
350,Mercedes,AR,2021-03-29 00:37:33,-34.6515,-59.4307,66.0,94,13,1.99
351,Camana,PE,2021-03-29 00:37:34,-16.6228,-72.7111,71.26,83,83,5.77
352,Cam Ranh,VN,2021-03-29 00:37:34,11.9214,109.1591,77.0,78,0,2.3
353,Bac Lieu,VN,2021-03-29 00:37:34,9.285,105.7244,82.8,71,100,10.4
354,Isla Mujeres,MX,2021-03-29 00:37:35,21.2311,-86.731,80.6,78,40,10.36
355,Vestmannaeyjar,IS,2021-03-29 00:37:35,63.4427,-20.2734,34.16,73,100,19.15
356,Port Moresby,PG,2021-03-29 00:37:36,-9.4431,147.1797,87.8,74,40,10.36
357,Norrtalje,SE,2021-03-29 00:33:06,59.758,18.705,41.0,93,75,11.5
358,Aniche,FR,2021-03-29 00:37:37,50.33,3.2535,46.99,65,22,9.73
359,Castro,BR,2021-03-29 00:37:37,-24.7911,-50.0119,63.41,92,15,4.21
360,Atyrau,KZ,2021-03-29 00:37:37,47.1167,51.8833,32.0,100,40,4.47
361,Bilhaur,IN,2021-03-29 00:37:38,26.85,80.0833,74.89,16,0,6.46
362,Morant Bay,JM,2021-03-29 00:37:38,17.8815,-76.4093,82.4,51,20,21.85
363,Vernon,CA,2021-03-29 00:37:38,50.2581,-119.2691,52.0,35,100,9.22
364,Chifeng,CN,2021-03-29 00:33:12,42.2683,118.9636,43.25,19,90,18.86
365,Belaya Gora,RU,2021-03-29 00:37:39,68.5333,146.4167,6.82,86,52,4.05
366,Puebla,MX,2021-03-29 00:37:39,18.8333,-98.0,69.8,37,75,16.11
367,Uruzgan,AF,2021-03-29 00:37:40,32.8333,66.0,53.69,30,0,5.64
368,Noumea,NC,2021-03-29 00:36:06,-22.2763,166.4572,86.0,62,40,12.66
369,Matagami,CA,2021-03-29 00:37:40,49.7502,-77.6328,26.6,93,90,23.02
370,Quimper,FR,2021-03-29 00:37:40,48.0,-4.1,48.2,100,90,3.44
371,La Ronge,CA,2021-03-29 00:37:41,55.1001,-105.2842,41.0,60,100,4.61
372,Turukhansk,RU,2021-03-29 00:37:41,65.8167,87.9833,-6.11,99,100,3.98
373,Nederland,US,2021-03-29 00:37:42,29.9744,-93.9924,57.2,82,20,5.75
374,Tongliao,CN,2021-03-29 00:37:42,43.6125,122.2653,44.1,31,0,23.69
375,Riyadh,SA,2021-03-29 00:37:43,24.6877,46.7219,62.6,20,0,6.91
376,Songjianghe,CN,2021-03-29 00:37:43,42.1859,127.479,36.82,58,99,13.76
377,Ambon,ID,2021-03-29 00:37:44,-3.6954,128.1814,82.4,78,20,2.3
378,Gejiu,CN,2021-03-29 00:37:44,23.306,103.1635,63.07,35,4,5.06
379,Kasulu,TZ,2021-03-29 00:37:45,-4.5767,30.1025,63.18,86,100,1.68
380,Praya,CV,2021-03-29 00:36:38,14.9215,-23.5087,68.0,73,20,23.02
381,Cabo San Lucas,MX,2021-03-29 00:37:45,22.8909,-109.9124,77.0,29,40,17.27
382,Malakal,SS,2021-03-29 00:37:46,9.5334,31.6605,80.83,14,0,8.46
383,Kungurtug,RU,2021-03-29 00:37:46,50.5994,97.5228,27.52,74,100,1.52
384,Plettenberg Bay,ZA,2021-03-29 00:37:47,-34.0527,23.3716,63.39,72,100,5.55
385,Kidal,ML,2021-03-29 00:37:47,18.4411,1.4078,70.97,12,0,11.63
386,Mahajanga,MG,2021-03-29 00:37:47,-15.7167,46.3167,75.2,88,20,4.61
387,Carutapera,BR,2021-03-29 00:37:48,-1.195,-46.02,75.67,93,56,5.5
388,Lamar,US,2021-03-29 00:37:48,33.6668,-95.5836,64.4,29,1,9.22
389,Taoudenni,ML,2021-03-29 00:34:35,22.6783,-3.9836,77.4,7,17,12.17
390,North Bend,US,2021-03-29 00:33:09,43.4065,-124.2243,48.99,87,90,13.8
391,Kharp,RU,2021-03-29 00:37:49,66.8014,65.8081,-7.85,99,50,4.16
392,Qujing,CN,2021-03-29 00:37:49,25.4833,103.7833,60.01,34,15,3.0
393,Yulara,AU,2021-03-29 00:37:50,-25.2406,130.9889,78.8,36,0,14.97
394,Pontianak,ID,2021-03-29 00:37:50,-0.0333,109.3333,75.2,100,75,2.86
395,Verkhnyaya Inta,RU,2021-03-29 00:37:51,65.9811,60.3094,0.73,99,70,4.0
396,Luebo,CD,2021-03-29 00:37:51,-5.35,21.4167,69.98,95,95,1.14
397,Itarema,BR,2021-03-29 00:37:51,-2.9248,-39.9167,76.53,85,6,4.81
398,Ballater,GB,2021-03-29 00:37:52,57.0493,-3.0402,55.0,67,100,8.01
399,Solnechnyy,RU,2021-03-29 00:37:52,50.7214,136.6319,32.94,86,100,6.91
400,Benjamin Aceval,PY,2021-03-29 00:37:52,-24.9667,-57.5667,71.6,78,75,4.61
401,Itaquyry,PY,2021-03-29 00:37:53,-24.9333,-55.2167,71.6,94,75,3.44
402,Khunti,IN,2021-03-29 00:37:53,23.0833,85.2833,69.8,52,0,4.07
403,Santa Cruz,BO,2021-03-29 00:36:28,-17.8,-63.1667,73.4,64,75,6.91
404,Pimentel,PE,2021-03-29 00:37:53,-6.8367,-79.9342,71.6,78,0,17.27
405,Sungaipenuh,ID,2021-03-29 00:37:54,-2.0833,101.3833,66.56,96,100,0.49
406,Kudahuvadhoo,MV,2021-03-29 00:37:54,2.6708,72.8944,80.56,78,100,10.71
407,Ostersund,SE,2021-03-29 00:37:55,63.1792,14.6357,33.01,93,99,8.05
408,Saint-Augustin,CA,2021-03-29 00:37:40,51.226,-58.6502,5.18,90,61,0.63
409,Rio Grande,BR,2021-03-29 00:37:55,-32.035,-52.0986,64.99,96,95,7.54
410,Toamasina,MG,2021-03-29 00:33:04,-18.1667,49.3833,73.4,94,40,5.75
411,Krasnogvardeyskiy,RU,2021-03-29 00:37:56,57.3793,62.3195,26.33,88,93,8.63
412,Iranshahr,IR,2021-03-29 00:37:57,27.2025,60.6848,75.2,20,88,4.61
413,Sainte-Anne-Des-Monts,CA,2021-03-29 00:37:57,49.124,-66.4924,32.0,69,100,16.11
414,Port-Cartier,CA,2021-03-29 00:37:57,50.0334,-66.8654,27.0,93,100,11.5
415,Dunda,TZ,2021-03-29 00:37:58,-8.1167,34.25,63.12,97,100,1.36
416,Kapurthala,IN,2021-03-29 00:37:58,31.3794,75.3847,75.2,60,20,12.66
417,Kolokani,ML,2021-03-29 00:37:58,13.5728,-8.0339,81.46,16,51,9.24
418,Schladming,AT,2021-03-29 00:37:59,47.3929,13.687,30.99,85,85,3.62
419,Gazanjyk,TM,2021-03-29 00:37:59,39.2446,55.5154,42.82,76,2,1.83
420,Paamiut,GL,2021-03-29 00:37:59,61.994,-49.6678,5.95,80,32,8.48
421,Ostrovnoy,RU,2021-03-29 00:38:00,68.0531,39.5131,35.71,98,94,12.26
422,Guanica,PR,2021-03-29 00:38:00,17.9716,-66.908,75.99,1,0,3.0
423,Torrijos,ES,2021-03-29 00:38:01,39.9819,-4.2835,57.2,38,0,4.61
424,Shumskiy,RU,2021-03-29 00:38:01,54.8318,99.1328,33.75,88,91,0.74
425,Sarai Naurang,PK,2021-03-29 00:38:01,32.8259,70.7814,70.54,49,0,2.19
426,Fonte Boa,BR,2021-03-29 00:38:02,-2.4959,-66.2662,73.49,97,54,1.54
427,Prabumulih,ID,2021-03-29 00:38:03,-3.45,104.25,76.93,92,45,0.47
428,Bay Roberts,CA,2021-03-29 00:38:03,47.5999,-53.2648,26.01,86,75,4.61
429,Faya,SA,2021-03-29 00:38:04,18.3851,42.4509,59.0,62,0,6.33
430,Fuzhou,CN,2021-03-29 00:36:57,26.0614,119.3061,66.2,77,75,2.24
431,Fortuna,US,2021-03-29 00:33:49,40.5982,-124.1573,51.01,87,90,12.66
432,Prieska,ZA,2021-03-29 00:38:05,-29.6641,22.7474,66.0,31,6,2.89
433,Katsuura,JP,2021-03-29 00:35:19,35.1333,140.3,66.99,88,20,5.75
434,Lagoa Formosa,BR,2021-03-29 00:38:05,-18.7786,-46.4075,73.0,61,5,3.04
435,Ust-Nera,RU,2021-03-29 00:38:05,64.5667,143.2,10.08,91,98,6.02
436,Searcy,US,2021-03-29 00:35:16,35.2506,-91.7363,50.45,56,0,4.7
437,Waingapu,ID,2021-03-29 00:37:11,-9.6567,120.2641,83.73,77,100,10.49
438,Mount Vernon,US,2021-03-29 00:38:06,40.9126,-73.8371,59.0,82,90,12.66
439,Nador,MA,2021-03-29 00:38:07,35.174,-2.9287,60.8,88,90,9.22
440,Mehamn,NO,2021-03-29 00:38:07,71.0357,27.8492,26.19,82,99,7.94
441,Ruteng,ID,2021-03-29 00:38:07,-8.6136,120.4721,71.22,74,95,1.03
442,Snezhnogorsk,RU,2021-03-29 00:38:08,69.1933,33.2531,37.4,81,75,4.47
443,Inhambane,MZ,2021-03-29 00:38:08,-23.865,35.3833,72.07,78,7,13.18
444,Cernay,FR,2021-03-29 00:38:09,47.8097,7.177,46.0,75,0,5.75
445,Peniche,PT,2021-03-29 00:38:10,39.3558,-9.3811,57.99,81,76,1.01
446,Westport,US,2021-03-29 00:38:10,41.1415,-73.3579,57.0,100,90,4.61
447,El Retorno,CO,2021-03-29 00:38:12,2.3302,-72.6276,71.04,98,100,0.65
448,Compiegne,FR,2021-03-29 00:36:29,49.4179,2.8261,50.0,61,0,6.91
449,Pangai,TO,2021-03-29 00:38:12,-19.8,-174.35,86.0,74,20,18.41
450,Kashi,CN,2021-03-29 00:38:12,39.4547,75.9797,51.8,43,40,6.71
451,Mancio Lima,BR,2021-03-29 00:37:37,-7.6142,-72.8958,72.55,98,100,2.62
452,Wajir,KE,2021-03-29 00:38:13,1.7471,40.0573,79.81,57,100,14.47
453,Saint George,US,2021-03-29 00:35:11,37.1041,-113.5841,75.0,16,1,8.05
454,Akdepe,TM,2021-03-29 00:38:13,42.0551,59.3788,44.6,65,0,9.22
455,Pucara,PE,2021-03-29 00:38:14,-15.9803,-71.4606,53.6,82,40,6.91
456,Kabinda,CD,2021-03-29 00:38:14,-6.1333,24.4833,65.37,93,100,1.86
457,Wukari,NG,2021-03-29 00:38:15,7.85,9.7833,81.54,22,3,5.5
458,Richards Bay,ZA,2021-03-29 00:38:15,-28.783,32.0377,67.59,79,100,4.68
459,Eganville,CA,2021-03-29 00:38:16,45.5334,-77.0994,39.2,87,90,10.36
460,Henties Bay,NA,2021-03-29 00:38:16,-22.116,14.2845,60.01,90,0,3.0
461,Kodinsk,RU,2021-03-29 00:35:25,58.6881,99.1844,28.51,95,100,3.58
462,Farah,AF,2021-03-29 00:38:16,32.5,62.5,50.95,45,0,6.62
463,Tocopilla,CL,2021-03-29 00:38:17,-22.092,-70.1979,68.05,72,1,4.79
464,Chimbote,PE,2021-03-29 00:38:17,-9.0853,-78.5783,69.78,83,54,6.31
465,Marfino,RU,2021-03-29 00:38:18,55.7028,37.3822,33.8,69,0,6.71
466,Ketchikan,US,2021-03-29 00:38:18,55.3422,-131.6461,42.8,56,20,10.36
467,Port Blair,IN,2021-03-29 00:38:18,11.6667,92.75,82.31,73,100,4.34
468,Victoria Point,AU,2021-03-29 00:38:19,-27.5833,153.3,81.0,72,1,7.31
469,Lahaina,US,2021-03-29 00:38:19,20.8783,-156.6825,77.0,61,40,18.41
470,Ibiruba,BR,2021-03-29 00:38:20,-28.6275,-53.0897,62.49,93,59,5.23
471,Cabedelo,BR,2021-03-29 00:38:20,-6.9811,-34.8339,77.0,100,0,3.44
472,Angouleme,FR,2021-03-29 00:38:20,45.65,0.15,50.0,53,0,1.14
473,Uchiza,PE,2021-03-29 00:38:21,-8.4592,-76.4633,71.67,97,100,2.57
474,Beira,MZ,2021-03-29 00:37:01,-19.8436,34.8389,78.8,78,40,13.8
475,Port Macquarie,AU,2021-03-29 00:38:22,-31.4333,152.9167,75.99,63,20,1.01
476,Matara,LK,2021-03-29 00:38:22,5.9485,80.5353,74.37,86,34,5.23
477,Urumqi,CN,2021-03-29 00:38:22,43.801,87.6005,50.0,76,75,4.47
478,Berwick,US,2021-03-29 00:35:43,41.0545,-76.2333,51.01,72,49,4.0
479,Tezu,IN,2021-03-29 00:37:45,27.9167,96.1667,77.72,18,0,1.16
480,Dogondoutchi,NE,2021-03-29 00:38:23,13.6393,4.0287,74.28,15,0,12.44
481,Tiznit,MA,2021-03-29 00:34:40,29.5833,-9.5,62.24,53,56,2.3
482,Inongo,CD,2021-03-29 00:38:24,-1.95,18.2667,72.55,86,89,5.44
483,Sioux City,US,2021-03-29 00:36:44,42.5,-96.4003,55.4,44,1,11.5
484,Divnomorskoye,RU,2021-03-29 00:38:24,44.5011,38.1353,44.31,81,53,7.99
485,Nokaneng,BW,2021-03-29 00:38:25,-19.6667,22.2667,72.73,52,42,5.17
486,Bathsheba,BB,2021-03-29 00:38:06,13.2167,-59.5167,78.8,69,40,21.85
487,Bad Wildbad,DE,2021-03-29 00:38:26,48.75,8.55,50.0,70,100,3.44
488,Umba,RU,2021-03-29 00:38:26,66.6871,34.3429,33.71,98,100,6.31
489,Brattvag,NO,2021-03-29 00:38:27,62.6002,6.4434,42.8,70,90,8.05
490,Ogulin,HR,2021-03-29 00:38:27,45.2661,15.2286,46.4,87,0,3.44
491,Maryborough,AU,2021-03-29 00:38:28,-25.5333,152.7,80.01,69,100,3.0
492,Minot,US,2021-03-29 00:38:04,48.2325,-101.2963,60.8,27,1,9.22
493,Lafiagi,NG,2021-03-29 00:38:20,8.8667,5.4167,80.15,20,29,1.59
494,Wuxue,CN,2021-03-29 00:38:29,29.8506,115.5525,68.38,77,11,6.67
495,Husavik,IS,2021-03-29 00:38:29,66.0449,-17.3389,32.0,64,75,21.85
496,Ulaangom,MN,2021-03-29 00:38:30,49.9811,92.0667,22.5,88,100,3.38
497,Barela,IN,2021-03-29 00:38:30,23.1,80.05,76.5,20,0,4.18
498,Edd,ER,2021-03-29 00:38:31,13.9297,41.6925,77.04,76,1,4.97
499,Gimli,CA,2021-03-29 00:38:31,50.6336,-96.9907,37.4,48,100,19.57
500,Mangaratiba,BR,2021-03-29 00:38:32,-22.9597,-44.0406,78.8,83,0,1.14
501,Mumford,GH,2021-03-29 00:38:32,5.2618,-0.759,79.41,87,15,6.15
502,Buea,CM,2021-03-29 00:38:32,4.1527,9.241,80.6,100,75,1.14
503,Yumen,CN,2021-03-29 00:38:33,40.2833,97.2,45.84,46,88,12.91
504,Carmarthen,GB,2021-03-29 00:38:34,51.8555,-4.3054,50.0,93,90,27.63
505,Goderich,CA,2021-03-29 00:38:34,43.7501,-81.7165,35.6,87,100,21.85
506,Takoradi,GH,2021-03-29 00:38:34,4.8845,-1.7554,79.21,87,74,7.05
507,Kutum,SD,2021-03-29 00:38:35,14.2,24.6667,61.74,13,9,13.87
508,Puerto Carreno,CO,2021-03-29 00:38:35,6.189,-67.4859,75.61,84,100,14.5
509,Galesong,ID,2021-03-29 00:38:35,-5.3166,119.3661,77.0,94,20,2.3
510,Udachnyy,RU,2021-03-29 00:38:36,66.4167,112.4,16.2,94,100,4.88
511,Batemans Bay,AU,2021-03-29 00:38:36,-35.7167,150.1833,71.01,60,0,1.99
512,Abu Kamal,SY,2021-03-29 00:38:37,34.4506,40.9171,51.87,34,0,8.5
513,Saint-Francois,FR,2021-03-29 00:38:37,46.4154,3.9054,37.99,87,0,1.14
514,Zyryanka,RU,2021-03-29 00:38:38,65.75,150.85,6.87,75,96,2.15
515,Zhigansk,RU,2021-03-29 00:38:38,66.7697,123.3711,12.2,94,100,4.61
516,Aksarka,RU,2021-03-29 00:38:38,66.5606,67.7975,-21.12,100,84,2.17
517,Nakamura,JP,2021-03-29 00:38:38,32.9833,132.9333,67.84,47,1,4.43
518,Svolvaer,NO,2021-03-29 00:38:39,68.2342,14.5683,34.29,72,100,6.91
519,Griffith,US,2021-03-29 00:33:47,41.5284,-87.4237,44.6,42,1,14.97
520,Darnah,LY,2021-03-29 00:38:39,32.767,22.6367,56.37,72,4,11.7
521,Necochea,AR,2021-03-29 00:38:40,-38.5473,-58.7368,59.0,96,0,7.96
522,Touros,BR,2021-03-29 00:38:40,-5.1989,-35.4608,77.0,94,20,3.44
523,Hambantota,LK,2021-03-29 00:38:41,6.1241,81.1185,73.4,100,75,1.14
524,Grand-Lahou,CI,2021-03-29 00:38:41,5.1367,-5.0242,77.83,91,19,8.14
525,Evensk,RU,2021-03-29 00:38:42,61.95,159.2333,2.21,85,45,1.34
526,Ust-Kuyga,RU,2021-03-29 00:38:42,70.0167,135.6,10.56,92,100,5.26
527,Hammerfest,NO,2021-03-29 00:38:43,70.6634,23.6821,33.8,60,0,6.91
528,Vao,NC,2021-03-29 00:38:43,-22.6667,167.4833,77.7,80,18,13.09
529,Zhezkazgan,KZ,2021-03-29 00:38:44,47.8043,67.7144,20.86,80,100,9.26
530,Anadyr,RU,2021-03-29 00:38:45,64.75,177.4833,12.2,85,40,26.84
531,Salalah,OM,2021-03-29 00:37:16,17.0151,54.0924,75.2,50,0,4.61
532,Guarapari,BR,2021-03-29 00:38:46,-20.6667,-40.4975,75.2,88,0,3.44
533,Sennoy,RU,2021-03-29 00:38:46,52.1509,46.9631,31.73,97,100,13.53
534,Morondava,MG,2021-03-29 00:38:46,-20.2833,44.2833,74.35,85,9,6.76
535,Candido Mendes,BR,2021-03-29 00:38:47,-1.4467,-45.7167,74.12,96,100,2.93
536,Manga,BF,2021-03-29 00:38:47,11.6636,-1.0731,79.72,13,0,9.28
537,Olafsvik,IS,2021-03-29 00:38:47,64.8945,-23.7142,29.39,64,100,16.26
538,Handlova,SK,2021-03-29 00:38:48,48.7276,18.7601,35.01,100,95,0.72
539,Tiarei,PF,2021-03-29 00:38:48,-17.5333,-149.3333,86.0,58,40,16.11
540,Sept-Iles,CA,2021-03-29 00:35:28,50.2001,-66.3821,27.0,93,100,11.5
541,San Ramon,US,2021-03-29 00:35:18,37.7799,-121.978,78.8,17,1,12.66
542,Saquena,PE,2021-03-29 00:38:49,-4.6667,-73.5167,71.78,98,100,2.82
543,Najran,SA,2021-03-29 00:38:49,17.4924,44.1277,69.8,28,4,6.91
544,Nouakchott,MR,2021-03-29 00:37:56,18.0858,-15.9785,69.8,64,0,19.57
545,Chapais,CA,2021-03-29 00:38:50,49.7834,-74.8492,30.2,93,90,10.36
546,Asau,RO,2021-03-29 00:38:50,46.4333,26.4,37.0,43,52,5.03
547,Takab,IR,2021-03-29 00:38:50,36.4009,47.1133,34.7,43,0,1.59
548,Idritsa,RU,2021-03-29 00:38:51,56.3316,28.8988,31.55,95,85,3.36
549,Japura,ID,2021-03-29 00:38:51,-0.3167,102.35,77.16,92,95,1.74
550,Kama,RU,2021-03-29 00:38:52,56.3051,54.0936,19.49,96,47,3.69
551,Masindi,UG,2021-03-29 00:38:52,1.6744,31.715,64.31,81,14,2.15
552,Arua,UG,2021-03-29 00:38:53,3.0201,30.9111,68.74,71,100,3.24
553,Aloleng,PH,2021-03-29 00:38:53,16.1307,119.7824,84.63,65,97,4.05
554,Svetlyy,RU,2021-03-29 00:38:54,54.675,20.1347,42.01,75,0,6.71
555,Bhag,PK,2021-03-29 00:38:54,29.0415,67.8239,84.15,18,55,2.19
556,Phalombe,MW,2021-03-29 00:38:54,-15.8064,35.6507,65.3,96,99,4.29
557,Ovsyanka,RU,2021-03-29 00:38:55,55.9575,92.5519,33.8,80,75,4.47
558,Granville,AU,2021-03-29 00:34:26,-33.8333,151.0167,75.0,60,75,6.91
559,Burayevo,RU,2021-03-29 00:38:56,55.8407,55.4083,13.53,97,48,3.44
560,Bollnas,SE,2021-03-29 00:38:56,61.3482,16.3946,39.99,94,100,1.99
561,Tancanhuitz,MX,2021-03-29 00:38:57,21.6,-98.9667,62.94,85,100,10.78
562,Nhulunbuy,AU,2021-03-29 00:38:57,-12.2333,136.7667,78.8,89,75,4.61
563,Sakakah,SA,2021-03-29 00:38:58,29.9697,40.2064,50.0,27,0,5.75
564,Kedrovyy,RU,2021-03-29 00:38:58,56.1667,91.8167,33.8,80,75,4.47
565,Pemba,MZ,2021-03-29 00:38:58,-12.974,40.5178,77.0,94,75,8.05
566,Burgeo,CA,2021-03-29 00:38:59,47.6167,-57.6152,19.9,82,100,9.15
567,Shelburne,CA,2021-03-29 00:36:03,44.0787,-80.2041,36.0,100,100,25.1
568,Aabybro,DK,2021-03-29 00:38:59,57.1584,9.7367,46.4,93,90,14.97
569,Astana,KZ,2021-03-29 00:39:00,51.1801,71.446,17.6,86,0,13.42
570,Portland,US,2021-03-29 00:39:00,45.5234,-122.6762,46.4,81,90,19.57
571,Aleksandrov Gay,RU,2021-03-29 00:39:01,50.147,48.5704,32.52,99,100,1.86
572,Gizo,SB,2021-03-29 00:39:01,-8.103,156.8419,85.06,67,100,5.53
573,Ilhabela,BR,2021-03-29 00:38:33,-23.7781,-45.3581,78.06,84,87,5.68
574,Oranjestad,AW,2021-03-29 00:39:00,12.524,-70.027,80.6,74,20,17.27
575,Mengcheng,CN,2021-03-29 00:39:02,33.2579,116.5655,62.31,75,5,14.76
576,Brae,GB,2021-03-29 00:39:03,60.3964,-1.353,48.2,87,90,27.63
577,Dudhani,IN,2021-03-29 00:39:03,17.3667,76.3667,81.05,24,7,7.94
578,Klyuchi,RU,2021-03-29 00:39:03,52.2667,79.1667,26.06,94,94,13.62
579,Kemi,FI,2021-03-29 00:39:04,65.8596,24.8228,32.0,100,75,6.91
580,Saint-Jean-De-Luz,FR,2021-03-29 00:39:04,43.3891,-1.6581,54.0,87,0,3.44
581,Pangody,RU,2021-03-29 00:39:05,65.85,74.4859,-13.97,99,48,8.25
582,Royal Tunbridge Wells,GB,2021-03-29 00:35:13,51.1325,0.2633,48.0,92,89,8.99
583,Mandali,IQ,2021-03-29 00:39:06,33.7499,45.5541,52.25,42,0,10.92
584,Fukue,JP,2021-03-29 00:39:06,32.6881,128.8419,62.6,82,75,5.75
585,Arvika,SE,2021-03-29 00:39:06,59.6553,12.5852,41.0,100,90,11.5
586,Sai Buri,TH,2021-03-29 00:39:07,6.7013,101.6168,77.0,94,40,5.06
587,Acopiara,BR,2021-03-29 00:39:07,-6.0953,-39.4525,70.41,95,66,2.91
588,Banepa,NP,2021-03-29 00:37:10,27.6298,85.5214,53.6,82,20,2.3
589,Sesimbra,PT,2021-03-29 00:39:07,38.4445,-9.1015,64.99,82,0,3.44
590,Ushibuka,JP,2021-03-29 00:39:08,32.1906,130.0228,61.97,74,2,5.66
591,San Patricio,US,2021-03-29 00:38:45,28.017,-97.5169,60.8,63,40,11.5
592,Gobabis,NA,2021-03-29 00:38:58,-22.45,18.9667,67.19,64,19,11.68
593,San Angelo,US,2021-03-29 00:39:08,31.4638,-100.437,71.6,18,1,6.91
594,Balykshi,KZ,2021-03-29 00:39:09,47.0667,51.8667,32.0,100,40,4.47
595,Yilan,TW,2021-03-29 00:39:09,24.757,121.753,82.0,99,0,3.85
596,Winburg,ZA,2021-03-29 00:39:09,-28.518,27.0093,54.5,69,7,13.09
597,Yarim,YE,2021-03-29 00:39:10,14.298,44.3779,49.93,65,2,2.98
598,Samarai,PG,2021-03-29 00:36:16,-10.6167,150.6667,84.22,74,56,12.1
599,Nabire,ID,2021-03-29 00:39:10,-3.3667,135.4833,78.67,87,99,3.89
600,Popondetta,PG,2021-03-29 00:39:11,-8.7537,148.2534,90.68,50,96,4.61
601,Hirado,JP,2021-03-29 00:39:11,33.3597,129.5531,60.01,88,40,6.91
602,Toora-Khem,RU,2021-03-29 00:39:11,52.4675,96.11,27.05,86,100,0.98
603,Brigantine,US,2021-03-29 00:39:12,39.4101,-74.3646,57.99,88,90,19.57
604,Hervey Bay,AU,2021-03-29 00:39:12,-25.2986,152.8535,80.01,69,100,3.0
605,Hobyo,SO,2021-03-29 00:39:13,5.3505,48.5268,79.39,79,100,11.21
606,Botao,PH,2021-03-29 00:39:13,15.9167,120.4167,85.93,58,100,9.04
607,Lazarev,RU,2021-03-29 00:37:24,52.225,141.5131,31.84,94,100,8.32
